id,name,model_id,group_id:id,perm_read,perm_write,perm_create,perm_unlink
access_advanced_billing_contact_manager,advanced_billing_contact,advanced.billing.contact,records_management.group_records_manager,1,1,1,1
access_advanced_billing_contact_user,advanced_billing_contact,advanced.billing.contact,records_management.group_records_user,1,1,1,0
access_advanced_billing_line_manager,advanced_billing_line,advanced.billing.line,records_management.group_records_manager,1,1,1,1
access_advanced_billing_line_user,advanced_billing_line,advanced.billing.line,records_management.group_records_user,1,1,1,0
access_advanced_billing_profile_manager,advanced_billing_profile,advanced.billing.profile,records_management.group_records_manager,1,1,1,1
access_advanced_billing_profile_user,advanced_billing_profile,advanced.billing.profile,records_management.group_records_user,1,1,1,0
access_approval_history_manager,approval_history,approval.history,records_management.group_records_manager,1,1,1,1
access_approval_history_user,approval_history,approval.history,records_management.group_records_user,1,1,1,0
access_barcode_generation_history_manager,barcode_generation_history,barcode.generation.history,records_management.group_records_manager,1,1,1,1
access_barcode_generation_history_user,barcode_generation_history,barcode.generation.history,records_management.group_records_user,1,1,1,0
access_barcode_models_enhanced_manager,barcode_models_enhanced,barcode.models.enhanced,records_management.group_records_manager,1,1,1,1
access_barcode_models_enhanced_user,barcode_models_enhanced,barcode.models.enhanced,records_management.group_records_user,1,1,1,0
access_barcode_pricing_tier_manager,barcode_pricing_tier,barcode.pricing.tier,records_management.group_records_manager,1,1,1,1
access_barcode_pricing_tier_user,barcode_pricing_tier,barcode.pricing.tier,records_management.group_records_user,1,1,1,0
access_barcode_product_manager,barcode_product,barcode.product,records_management.group_records_manager,1,1,1,1
access_barcode_product_user,barcode_product,barcode.product,records_management.group_records_user,1,1,1,0
access_barcode_storage_box_manager,barcode_storage_box,barcode.storage.box,records_management.group_records_manager,1,1,1,1
access_barcode_storage_box_user,barcode_storage_box,barcode.storage.box,records_management.group_records_user,1,1,1,0
access_base_rate_manager,base_rate,base.rate,records_management.group_records_manager,1,1,1,1
access_base_rate_user,base_rate,base.rate,records_management.group_records_user,1,1,1,0
access_base_rates_manager,base_rates,base.rates,records_management.group_records_manager,1,1,1,1
access_base_rates_user,base_rates,base.rates,records_management.group_records_user,1,1,1,0
access_billing_period_manager,billing_period,billing.period,records_management.group_records_manager,1,1,1,1
access_billing_period_user,billing_period,billing.period,records_management.group_records_user,1,1,1,0
access_bin_barcode_inventory_manager,bin_barcode_inventory,bin.barcode.inventory,records_management.group_records_manager,1,1,1,1
access_bin_barcode_inventory_user,bin_barcode_inventory,bin.barcode.inventory,records_management.group_records_user,1,1,1,0
access_bin_issue_record_manager,bin_issue_record,bin.issue.record,records_management.group_records_manager,1,1,1,1
access_bin_issue_record_user,bin_issue_record,bin.issue.record,records_management.group_records_user,1,1,1,0
access_bin_key_history_manager,bin_key_history,bin.key.history,records_management.group_records_manager,1,1,1,1
access_bin_key_history_user,bin_key_history,bin.key.history,records_management.group_records_user,1,1,1,0
access_bin_key_manager,bin_key,bin.key,records_management.group_records_manager,1,1,1,1
access_bin_key_unlock_service_manager,bin_key_unlock_service,bin.key.unlock.service,records_management.group_records_manager,1,1,1,1
access_bin_key_unlock_service_user,bin_key_unlock_service,bin.key.unlock.service,records_management.group_records_user,1,1,1,0
access_bin_key_user,bin_key,bin.key,records_management.group_records_user,1,1,1,0
access_bin_unlock_service_manager,bin_unlock_service,bin.unlock.service,records_management.group_records_manager,1,1,1,1
access_bin_unlock_service_user,bin_unlock_service,bin.unlock.service,records_management.group_records_user,1,1,1,0
access_certificate_template_data_manager,certificate_template_data,certificate.template.data,records_management.group_records_manager,1,1,1,1
access_certificate_template_data_user,certificate_template_data,certificate.template.data,records_management.group_records_user,1,1,1,0
access_chain_of_custody_manager,chain_of_custody,chain.of.custody,records_management.group_records_manager,1,1,1,1
access_chain_of_custody_user,chain_of_custody,chain.of.custody,records_management.group_records_user,1,1,1,0
access_container_access_activity_manager,container_access_activity,container.access.activity,records_management.group_records_manager,1,1,1,1
access_container_access_activity_user,container_access_activity,container.access.activity,records_management.group_records_user,1,1,1,0
access_container_access_document_manager,container_access_document,container.access.document,records_management.group_records_manager,1,1,1,1
access_container_access_document_user,container_access_document,container.access.document,records_management.group_records_user,1,1,1,0
access_container_access_photo_manager,container_access_photo,container.access.photo,records_management.group_records_manager,1,1,1,1
access_container_access_photo_user,container_access_photo,container.access.photo,records_management.group_records_user,1,1,1,0
access_container_access_report_manager,container_access_report,container.access.report,records_management.group_records_manager,1,1,1,1
access_container_access_report_user,container_access_report,container.access.report,records_management.group_records_user,1,1,1,0
access_container_access_visitor_manager,container_access_visitor,container.access.visitor,records_management.group_records_manager,1,1,1,1
access_container_access_visitor_user,container_access_visitor,container.access.visitor,records_management.group_records_user,1,1,1,0
access_container_access_work_order_manager,container_access_work_order,container.access.work.order,records_management.group_records_manager,1,1,1,1
access_container_access_work_order_user,container_access_work_order,container.access.work.order,records_management.group_records_user,1,1,1,0
access_container_content_manager,container_content,container.content,records_management.group_records_manager,1,1,1,1
access_container_content_user,container_content,container.content,records_management.group_records_user,1,1,1,0
access_container_destruction_work_order_manager,container_destruction_work_order,container.destruction.work.order,records_management.group_records_manager,1,1,1,1
access_container_destruction_work_order_user,container_destruction_work_order,container.destruction.work.order,records_management.group_records_user,1,1,1,0
access_container_retrieval_manager,container_retrieval,container.retrieval,records_management.group_records_manager,1,1,1,1
access_container_retrieval_user,container_retrieval,container.retrieval,records_management.group_records_user,1,1,1,0
access_cross_department_sharing_manager,cross_department_sharing,cross.department.sharing,records_management.group_records_manager,1,1,1,1
access_cross_department_sharing_rule_manager,cross_department_sharing_rule,cross.department.sharing.rule,records_management.group_records_manager,1,1,1,1
access_cross_department_sharing_rule_user,cross_department_sharing_rule,cross.department.sharing.rule,records_management.group_records_user,1,1,1,0
access_cross_department_sharing_user,cross_department_sharing,cross.department.sharing,records_management.group_records_user,1,1,1,0
access_custody_transfer_event_manager,custody_transfer_event,custody.transfer.event,records_management.group_records_manager,1,1,1,1
access_custody_transfer_event_user,custody_transfer_event,custody.transfer.event,records_management.group_records_user,1,1,1,0
access_customer_billing_profile_manager,customer_billing_profile,customer.billing.profile,records_management.group_records_manager,1,1,1,1
access_customer_billing_profile_user,customer_billing_profile,customer.billing.profile,records_management.group_records_user,1,1,1,0
access_customer_category_manager,customer_category,customer.category,records_management.group_records_manager,1,1,1,1
access_customer_category_user,customer_category,customer.category,records_management.group_records_user,1,1,1,0
access_customer_feedback_manager,customer_feedback,customer.feedback,records_management.group_records_manager,1,1,1,1
access_customer_feedback_user,customer_feedback,customer.feedback,records_management.group_records_user,1,1,1,0
access_customer_feedback_theme_manager,customer_feedback_theme,customer.feedback.theme,records_management.group_records_manager,1,1,1,1
access_customer_feedback_theme_user,customer_feedback_theme,customer.feedback.theme,records_management.group_records_user,1,1,1,0
access_customer_inventory_line_manager,customer_inventory_line,customer.inventory.line,records_management.group_records_manager,1,1,1,1
access_customer_inventory_line_user,customer_inventory_line,customer.inventory.line,records_management.group_records_user,1,1,1,0
access_customer_inventory_manager,customer_inventory,customer.inventory,records_management.group_records_manager,1,1,1,1
access_customer_inventory_report_line_manager,customer_inventory_report_line,customer.inventory.report.line,records_management.group_records_manager,1,1,1,1
access_customer_inventory_report_line_user,customer_inventory_report_line,customer.inventory.report.line,records_management.group_records_user,1,1,1,0
access_customer_inventory_report_manager,customer_inventory_report,customer.inventory.report,records_management.group_records_manager,1,1,1,1
access_customer_inventory_report_user,customer_inventory_report,customer.inventory.report,records_management.group_records_user,1,1,1,0
access_customer_inventory_report_wizard_manager,customer_inventory_report_wizard,customer.inventory.report.wizard,records_management.group_records_manager,1,1,1,1
access_customer_inventory_report_wizard_user,customer_inventory_report_wizard,customer.inventory.report.wizard,records_management.group_records_user,1,1,1,0
access_customer_inventory_user,customer_inventory,customer.inventory,records_management.group_records_user,1,1,1,0
access_customer_negotiated_rate_manager,customer_negotiated_rate,customer.negotiated.rate,records_management.group_records_manager,1,1,1,1
access_customer_negotiated_rate_user,customer_negotiated_rate,customer.negotiated.rate,records_management.group_records_user,1,1,1,0
access_customer_portal_diagram_manager,customer_portal_diagram,customer.portal.diagram,records_management.group_records_manager,1,1,1,1
access_customer_portal_diagram_user,customer_portal_diagram,customer.portal.diagram,records_management.group_records_user,1,1,1,0
access_destruction_certificate_manager,destruction_certificate,destruction.certificate,records_management.group_records_manager,1,1,1,1
access_destruction_certificate_user,destruction_certificate,destruction.certificate,records_management.group_records_user,1,1,1,0
access_destruction_certificate_portal,destruction_certificate_portal,destruction.certificate,base.group_portal,1,0,0,0
access_destruction_event_manager,destruction_event_manager,destruction.event,records_management.group_records_manager,1,1,1,1
access_destruction_event_user,destruction_event_user,destruction.event,records_management.group_records_user,1,1,1,0
access_destruction_item_manager,destruction_item,destruction.item,records_management.group_records_manager,1,1,1,1
access_destruction_item_user,destruction_item,destruction.item,records_management.group_records_user,1,1,1,0
access_discount_rule_manager,discount_rule,discount.rule,records_management.group_records_manager,1,1,1,1
access_discount_rule_user,discount_rule,discount.rule,records_management.group_records_user,1,1,1,0
access_display_name_manager,display_name,display_name,records_management.group_records_manager,1,1,1,1
access_display_name_user,display_name,display_name,records_management.group_records_user,1,1,1,0
access_document_retrieval_item_manager,document_retrieval_item,document.retrieval.item,records_management.group_records_manager,1,1,1,1
access_document_retrieval_item_user,document_retrieval_item,document.retrieval.item,records_management.group_records_user,1,1,1,0
access_document_search_attempt_manager,document_search_attempt,document.search.attempt,records_management.group_records_manager,1,1,1,1
access_document_search_attempt_user,document_search_attempt,document.search.attempt,records_management.group_records_user,1,1,1,0
access_feedback_improvement_area_manager,feedback_improvement_area,feedback.improvement.area,records_management.group_records_manager,1,1,1,1
access_feedback_improvement_area_user,feedback_improvement_area,feedback.improvement.area,records_management.group_records_user,1,1,1,0
access_field_label_config_manager,field_label_config,field.label.config,records_management.group_records_manager,1,1,1,1
access_field_label_config_user,field_label_config,field.label.config,records_management.group_records_user,1,1,1,0
access_field_label_customization_manager,field_label_customization,field.label.customization,records_management.group_records_manager,1,1,1,1
access_field_label_customization_user,field_label_customization,field.label.customization,records_management.group_records_user,1,1,1,0
access_full_customization_name_manager,full_customization_name,full.customization.name,records_management.group_records_manager,1,1,1,1
access_full_customization_name_user,full_customization_name,full.customization.name,records_management.group_records_user,1,1,1,0
access_hard_drive_scan_wizard_line_manager,hard_drive_scan_wizard_line,hard.drive.scan.wizard.line,records_management.group_records_manager,1,1,1,1
access_hard_drive_scan_wizard_line_user,hard_drive_scan_wizard_line,hard.drive.scan.wizard.line,records_management.group_records_user,1,1,1,0
access_hard_drive_scan_wizard_manager,hard_drive_scan_wizard,hard.drive.scan.wizard,records_management.group_records_manager,1,1,1,1
access_hard_drive_scan_wizard_user,hard_drive_scan_wizard,hard.drive.scan.wizard,records_management.group_records_user,1,1,1,0
access_inventory_adjustment_reason_manager,inventory_adjustment_reason,inventory.adjustment.reason,records_management.group_records_manager,1,1,1,1
access_inventory_adjustment_reason_user,inventory_adjustment_reason,inventory.adjustment.reason,records_management.group_records_user,1,1,1,0
access_inventory_item_destruction_line_manager,inventory_item_destruction_line,inventory.item.destruction.line,records_management.group_records_manager,1,1,1,1
access_inventory_item_destruction_line_user,inventory_item_destruction_line,inventory.item.destruction.line,records_management.group_records_user,1,1,1,0
access_inventory_item_destruction_manager,inventory_item_destruction,inventory.item.destruction,records_management.group_records_manager,1,1,1,1
access_inventory_item_destruction_user,inventory_item_destruction,inventory.item.destruction,records_management.group_records_user,1,1,1,0
access_inventory_item_location_transfer_manager,inventory_item_location_transfer,inventory.item.location.transfer,records_management.group_records_manager,1,1,1,1
access_inventory_item_location_transfer_user,inventory_item_location_transfer,inventory.item.location.transfer,records_management.group_records_user,1,1,1,0
access_inventory_item_manager,inventory_item,inventory.item,records_management.group_records_manager,1,1,1,1
access_inventory_item_profile_manager,inventory_item_profile,inventory.item.profile,records_management.group_records_manager,1,1,1,1
access_inventory_item_profile_user,inventory_item_profile,inventory.item.profile,records_management.group_records_user,1,1,1,0
access_inventory_item_retrieval_line_manager,inventory_item_retrieval_line,inventory.item.retrieval.line,records_management.group_records_manager,1,1,1,1
access_inventory_item_retrieval_line_user,inventory_item_retrieval_line,inventory.item.retrieval.line,records_management.group_records_user,1,1,1,0
access_inventory_item_retrieval_manager,inventory_item_retrieval,inventory.item.retrieval,records_management.group_records_manager,1,1,1,1
access_inventory_item_retrieval_user,inventory_item_retrieval,inventory.item.retrieval,records_management.group_records_user,1,1,1,0
access_inventory_item_type_manager,inventory_item_type,inventory.item.type,records_management.group_records_manager,1,1,1,1
access_inventory_item_type_user,inventory_item_type,inventory.item.type,records_management.group_records_user,1,1,1,0
access_inventory_item_user,inventory_item,inventory.item,records_management.group_records_user,1,1,1,0
access_invoice_generation_log_manager,invoice_generation_log,invoice.generation.log,records_management.group_records_manager,1,1,1,1
access_invoice_generation_log_user,invoice_generation_log,invoice.generation.log,records_management.group_records_user,1,1,1,0
access_key_inventory_manager,key_inventory,key.inventory,records_management.group_records_manager,1,1,1,1
access_key_inventory_user,key_inventory,key.inventory,records_management.group_records_user,1,1,1,0
access_key_restriction_checker_wizard_manager,key_restriction_checker_wizard,key.restriction.checker.wizard,records_management.group_records_manager,1,1,1,1
access_key_restriction_checker_wizard_user,key_restriction_checker_wizard,key.restriction.checker.wizard,records_management.group_records_user,1,1,1,0
access_key_restriction_history_manager,key_restriction_history,key.restriction.history,records_management.group_records_manager,1,1,1,1
access_key_restriction_history_user,key_restriction_history,key.restriction.history,records_management.group_records_user,1,1,1,0
access_paper_bale_load_manager,paper_bale_load,paper.bale.load,records_management.group_records_manager,1,1,1,1
access_paper_bale_load_user,paper_bale_load,paper.bale.load,records_management.group_records_user,1,1,1,0
access_location_group_manager,location_group,location.group,records_management.group_records_manager,1,1,1,1
access_location_group_user,location_group,location.group,records_management.group_records_user,1,1,1,0
access_location_report_wizard_manager,location_report_wizard,location.report.wizard,records_management.group_records_manager,1,1,1,1
access_location_report_wizard_user,location_report_wizard,location.report.wizard,records_management.group_records_user,1,1,1,0
access_media_type_manager,media_type,media.type,records_management.group_records_manager,1,1,1,1
access_media_type_user,media_type,media.type,records_management.group_records_user,1,1,1,0
access_mobile_bin_key_wizard_manager,mobile_bin_key_wizard,mobile.bin.key.wizard,records_management.group_records_manager,1,1,1,1
access_mobile_bin_key_wizard_user,mobile_bin_key_wizard,mobile.bin.key.wizard,records_management.group_records_user,1,1,1,0
access_mobile_dashboard_widget_category_manager,mobile_dashboard_widget_category,mobile.dashboard.widget.category,records_management.group_records_manager,1,1,1,1
access_mobile_dashboard_widget_category_user,mobile_dashboard_widget_category,mobile.dashboard.widget.category,records_management.group_records_user,1,1,1,0
access_mobile_dashboard_widget_manager,mobile_dashboard_widget,mobile.dashboard.widget,records_management.group_records_manager,1,1,1,1
access_mobile_dashboard_widget_user,mobile_dashboard_widget,mobile.dashboard.widget,records_management.group_records_user,1,1,1,0
access_mobile_photo_manager,mobile_photo,mobile.photo,records_management.group_records_manager,1,1,1,1
access_mobile_photo_user,mobile_photo,mobile.photo,records_management.group_records_user,1,1,1,0
access_naid_audit_log_manager,naid_audit_log,naid.audit.log,records_management.group_records_manager,1,1,1,1
access_naid_audit_log_user,naid_audit_log,naid.audit.log,records_management.group_records_user,1,1,1,0
access_naid_audit_requirement_manager,naid_audit_requirement,naid.audit.requirement,records_management.group_records_manager,1,1,1,1
access_naid_audit_requirement_user,naid_audit_requirement,naid.audit.requirement,records_management.group_records_user,1,1,1,0
access_naid_audit_verification_wizard_manager,naid_audit_verification_wizard,naid.audit.verification.wizard,records_management.group_records_manager,1,1,1,1
access_naid_audit_verification_wizard_user,naid_audit_verification_wizard,naid.audit.verification.wizard,records_management.group_records_user,1,1,1,0
access_naid_certificate_item_manager,naid_certificate_item,naid.certificate.item,records_management.group_records_manager,1,1,1,1
access_naid_certificate_item_user,naid_certificate_item,naid.certificate.item,records_management.group_records_user,1,1,1,0
access_naid_certificate_manager,naid_certificate,naid.certificate,records_management.group_records_manager,1,1,1,1
access_naid_certificate_user,naid_certificate,naid.certificate,records_management.group_records_user,1,1,1,0
access_naid_certification_level_manager,naid_certification_level,naid.certification.level,records_management.group_records_manager,1,1,1,1
access_naid_certification_level_user,naid_certification_level,naid.certification.level,records_management.group_records_user,1,1,1,0
access_naid_compliance_action_plan_manager,naid_compliance_action_plan,naid.compliance.action.plan,records_management.group_records_manager,1,1,1,1
access_naid_compliance_action_plan_user,naid_compliance_action_plan,naid.compliance.action.plan,records_management.group_records_user,1,1,1,0
access_naid_compliance_alert_manager,naid_compliance_alert,naid.compliance.alert,records_management.group_records_manager,1,1,1,1
access_naid_compliance_alert_user,naid_compliance_alert,naid.compliance.alert,records_management.group_records_user,1,1,1,0
access_naid_compliance_checklist_item_manager,naid_compliance_checklist_item_manager,naid.compliance.checklist.item,records_management.group_records_manager,1,1,1,1
access_naid_compliance_checklist_item_user,naid_compliance_checklist_item_user,naid.compliance.checklist.item,records_management.group_records_user,1,1,1,0
access_naid_compliance_checklist_manager,naid.compliance.checklist.manager,naid.compliance.checklist,records_management.group_records_manager,1,1,1,1
access_naid_compliance_checklist_user,naid.compliance.checklist.user,naid.compliance.checklist,records_management.group_records_user,1,1,1,0
access_naid_custody_event_manager,naid_custody_event,naid.custody.event,records_management.group_records_manager,1,1,1,1
access_naid_custody_event_user,naid_custody_event,naid.custody.event,records_management.group_records_user,1,1,1,0
access_naid_custody_manager,naid_custody,naid.custody,records_management.group_records_manager,1,1,1,1
access_naid_custody_user,naid_custody,naid.custody,records_management.group_records_user,1,1,1,0
access_naid_destruction_record_manager,naid_destruction_record,naid.destruction.record,records_management.group_records_manager,1,1,1,1
access_naid_destruction_record_user,naid_destruction_record,naid.destruction.record,records_management.group_records_user,1,1,1,0
access_naid_equipment_standard_manager,naid_equipment_standard,naid.equipment.standard,records_management.group_records_manager,1,1,1,1
access_naid_equipment_standard_user,naid_equipment_standard,naid.equipment.standard,records_management.group_records_user,1,1,1,0
access_naid_operator_certification_manager,naid_operator_certification,naid.operator.certification,records_management.group_records_manager,1,1,1,1
access_naid_operator_certification_user,naid_operator_certification,naid.operator.certification,records_management.group_records_user,1,1,1,0
access_naid_performance_history_manager,naid_performance_history,naid.performance.history,records_management.group_records_manager,1,1,1,1
access_naid_performance_history_user,naid_performance_history,naid.performance.history,records_management.group_records_user,1,1,1,0
access_naid_risk_assessment_manager,naid_risk_assessment,naid.risk.assessment,records_management.group_records_manager,1,1,1,1
access_naid_risk_assessment_user,naid_risk_assessment,naid.risk.assessment,records_management.group_records_user,1,1,1,0
access_naid_training_requirement_manager,naid_training_requirement,naid.training.requirement,records_management.group_records_manager,1,1,1,1
access_naid_training_requirement_user,naid_training_requirement,naid.training.requirement,records_management.group_records_user,1,1,1,0
access_chain_of_custody_event_manager,chain_of_custody_event,chain.of.custody.event,records_management.group_records_manager,1,1,1,1
access_chain_of_custody_event_user,chain_of_custody_event,chain.of.custody.event,records_management.group_records_user,1,1,1,0
access_chain_of_custody_item_manager,chain_of_custody_item,chain.of.custody.item,records_management.group_records_manager,1,1,1,1
access_chain_of_custody_item_user,chain_of_custody_item,chain.of.custody.item,records_management.group_records_user,1,1,1,0
access_naid_training_schedule_manager,naid_training_schedule,naid.training.schedule,records_management.group_records_manager,1,1,1,1
access_naid_training_schedule_user,naid_training_schedule,naid.training.schedule,records_management.group_records_user,1,1,1,0
access_paper_bale_inspection_manager,paper_bale_inspection,paper.bale.inspection,records_management.group_records_manager,1,1,1,1
access_paper_bale_inspection_user,paper_bale_inspection,paper.bale.inspection,records_management.group_records_user,1,1,1,0
access_paper_bale_inspection_wizard_manager,paper_bale_inspection_wizard,paper.bale.inspection.wizard,records_management.group_records_manager,1,1,1,1
access_paper_bale_inspection_wizard_user,paper_bale_inspection_wizard,paper.bale.inspection.wizard,records_management.group_records_user,1,1,1,0
access_paper_bale_weigh_wizard_manager,paper_bale_weigh_wizard,paper.bale.weigh.wizard,records_management.group_records_manager,1,1,1,1
access_paper_bale_weigh_wizard_user,paper_bale_weigh_wizard,paper.bale.weigh.wizard,records_management.group_records_user,1,1,1,0
access_paper_bale_line_manager,paper_bale_line,paper.bale.line,records_management.group_records_manager,1,1,1,1
access_paper_bale_line_user,paper_bale_line,paper.bale.line,records_management.group_records_user,1,1,1,0
access_paper_bale_manager,paper_bale,paper.bale,records_management.group_records_manager,1,1,1,1
access_paper_bale_movement_manager,paper_bale_movement,paper.bale.movement,records_management.group_records_manager,1,1,1,1
access_paper_bale_movement_user,paper_bale_movement,paper.bale.movement,records_management.group_records_user,1,1,1,0
access_paper_bale_recycling_manager,paper_bale_recycling,paper.bale.recycling,records_management.group_records_manager,1,1,1,1
access_paper_bale_recycling_user,paper_bale_recycling,paper.bale.recycling,records_management.group_records_user,1,1,1,0
access_paper_bale_user,paper_bale,paper.bale,records_management.group_records_user,1,1,1,0
access_paper_load_shipment_manager,paper_load_shipment,paper.load.shipment,records_management.group_records_manager,1,1,1,1
access_paper_load_shipment_user,paper_load_shipment,paper.load.shipment,records_management.group_records_user,1,1,1,0
access_paper_model_bale_manager,paper_model_bale,paper.model_bale,records_management.group_records_manager,1,1,1,1
access_paper_model_bale_user,paper_model_bale,paper.model_bale,records_management.group_records_user,1,1,1,0
access_partner_bin_key_manager,partner_bin_key,partner.bin.key,records_management.group_records_manager,1,1,1,1
access_partner_bin_key_user,partner_bin_key,partner.bin.key,records_management.group_records_user,1,1,1,0
access_payment_split_line_manager,payment_split_line,payment.split.line,records_management.group_records_manager,1,1,1,1
access_payment_split_line_user,payment_split_line,payment.split.line,records_management.group_records_user,1,1,1,0
access_payment_split_manager,payment_split,payment.split,records_management.group_records_manager,1,1,1,1
access_payment_split_user,payment_split,payment.split,records_management.group_records_user,1,1,1,0
access_photo_manager,photo,photo,records_management.group_records_manager,1,1,1,1
access_photo_user,photo,photo,records_management.group_records_user,1,1,1,0
access_pickup_location_manager,pickup_location,pickup.location,records_management.group_records_manager,1,1,1,1
access_pickup_location_user,pickup_location,pickup.location,records_management.group_records_user,1,1,1,0
access_pickup_request_item_manager,pickup_request_item,pickup.request.item,records_management.group_records_manager,1,1,1,1
access_pickup_request_item_user,pickup_request_item,pickup.request.item,records_management.group_records_user,1,1,1,0
access_pickup_request_line_manager,pickup_request_line,pickup.request.line,records_management.group_records_manager,1,1,1,1
access_pickup_request_line_user,pickup_request_line,pickup.request.line,records_management.group_records_user,1,1,1,0
access_pickup_request_manager,pickup_request,pickup.request,records_management.group_records_manager,1,1,1,1
access_pickup_request_user,pickup_request,pickup.request,records_management.group_records_user,1,1,1,0
access_pickup_route_manager,pickup_route,pickup.route,records_management.group_records_manager,1,1,1,1
access_pickup_route_stop_manager,pickup_route_stop,pickup.route.stop,records_management.group_records_manager,1,1,1,1
access_pickup_route_stop_user,pickup_route_stop,pickup.route.stop,records_management.group_records_user,1,1,1,0
access_pickup_route_user,pickup_route,pickup.route,records_management.group_records_user,1,1,1,0
access_pickup_schedule_wizard_manager,pickup_schedule_wizard,pickup.schedule.wizard,records_management.group_records_manager,1,1,1,1
access_pickup_schedule_wizard_user,pickup_schedule_wizard,pickup.schedule.wizard,records_management.group_records_user,1,1,1,0
access_portal_feedback_action_manager,portal_feedback_action,portal.feedback.action,records_management.group_records_manager,1,1,1,1
access_portal_feedback_action_user,portal_feedback_action,portal.feedback.action,records_management.group_records_user,1,1,1,0
access_portal_feedback_analytic_manager,portal_feedback_analytic,portal.feedback.analytic,records_management.group_records_manager,1,1,1,1
access_portal_feedback_analytic_user,portal_feedback_analytic,portal.feedback.analytic,records_management.group_records_user,1,1,1,0
access_portal_feedback_communication_manager,portal_feedback_communication,portal.feedback.communication,records_management.group_records_manager,1,1,1,1
access_portal_feedback_communication_user,portal_feedback_communication,portal.feedback.communication,records_management.group_records_user,1,1,1,0
access_portal_feedback_escalation_manager,portal_feedback_escalation,portal.feedback.escalation,records_management.group_records_manager,1,1,1,1
access_portal_feedback_escalation_user,portal_feedback_escalation,portal.feedback.escalation,records_management.group_records_user,1,1,1,0
access_portal_feedback_manager,portal_feedback,portal.feedback,records_management.group_records_manager,1,1,1,1
access_portal_feedback_resolution_manager,portal_feedback_resolution,portal.feedback.resolution,records_management.group_records_manager,1,1,1,1
access_portal_feedback_resolution_user,portal_feedback_resolution,portal.feedback.resolution,records_management.group_records_user,1,1,1,0
access_portal_feedback_user,portal_feedback,portal.feedback,records_management.group_records_user,1,1,1,0
access_portal_request_line_manager,portal_request_line,portal.request.line,records_management.group_records_manager,1,1,1,1
access_portal_request_line_user,portal_request_line,portal.request.line,records_management.group_records_user,1,1,1,0
access_portal_request_manager,portal_request,portal.request,records_management.group_records_manager,1,1,1,1
access_portal_request_user,portal_request,portal.request,records_management.group_records_user,1,1,1,0
access_naid_compliance_manager,naid_compliance,naid.compliance,records_management.group_records_manager,1,1,1,1
access_naid_compliance_user,naid_compliance,naid.compliance,records_management.group_records_user,1,1,1,0
access_processing_log_manager,processing_log,processing.log,records_management.group_records_manager,1,1,1,1
access_processing_log_resolution_wizard_manager,processing_log_resolution_wizard,processing.log.resolution.wizard,records_management.group_records_manager,1,1,1,1
access_processing_log_resolution_wizard_user,processing_log_resolution_wizard,processing.log.resolution.wizard,records_management.group_records_user,1,1,1,0
access_processing_log_user,processing_log,processing.log,records_management.group_records_user,1,1,1,0
access_product_container_type_manager,product_container_type,product.container.type,records_management.group_records_manager,1,1,1,1
access_product_container_type_user,product_container_type,product.container.type,records_management.group_records_user,1,1,1,0
access_rate_change_confirmation_wizard_manager,rate_change_confirmation_wizard,rate.change.confirmation.wizard,records_management.group_records_manager,1,1,1,1
access_rate_change_confirmation_wizard_user,rate_change_confirmation_wizard,rate.change.confirmation.wizard,records_management.group_records_user,1,1,1,0
access_records_permanent_flag_wizard_manager,records_permanent_flag_wizard,records.permanent.flag.wizard,records_management.group_records_manager,1,1,1,1
access_records_permanent_flag_wizard_user,records_permanent_flag_wizard,records.permanent.flag.wizard,records_management.group_records_user,1,1,1,0
access_records_user_invitation_wizard_manager,records_user_invitation_wizard,records.user.invitation.wizard,records_management.group_records_manager,1,1,1,1
access_records_user_invitation_wizard_user,records_user_invitation_wizard,records.user.invitation.wizard,records_management.group_records_user,1,1,1,0
access_records_access_log_manager,records_access_log,records.access.log,records_management.group_records_manager,1,1,1,1
access_records_access_log_user,records_access_log,records.access.log,records_management.group_records_user,1,1,1,0
access_records_approval_step_manager,records_approval_step,records.approval.step,records_management.group_records_manager,1,1,1,1
access_records_approval_step_user,records_approval_step,records.approval.step,records_management.group_records_user,1,1,1,0
access_records_approval_workflow_line_manager,records_approval_workflow_line,records.approval.workflow.line,records_management.group_records_manager,1,1,1,1
access_records_approval_workflow_line_user,records_approval_workflow_line,records.approval.workflow.line,records_management.group_records_user,1,1,1,0
access_records_approval_workflow_manager,records_approval_workflow,records.approval.workflow,records_management.group_records_manager,1,1,1,1
access_records_approval_workflow_user,records_approval_workflow,records.approval.workflow,records_management.group_records_user,1,1,1,0
access_records_audit_log_manager,records_audit_log,records.audit.log,records_management.group_records_manager,1,1,1,1
access_records_audit_log_user,records_audit_log,records.audit.log,records_management.group_records_user,1,1,1,0
access_records_billing_config_manager,records_billing_config,records.billing.config,records_management.group_records_manager,1,1,1,1
access_records_billing_config_user,records_billing_config,records.billing.config,records_management.group_records_user,1,1,1,0
access_records_billing_manager,records_billing,records.billing,records_management.group_records_manager,1,1,1,1
access_records_billing_rate_manager,records_billing_rate,records.billing.rate,records_management.group_records_manager,1,1,1,1
access_records_billing_rate_user,records_billing_rate,records.billing.rate,records_management.group_records_user,1,1,1,0
access_records_billing_user,records_billing,records.billing,records_management.group_records_user,1,1,1,0
access_records_bulk_user_import_manager,records_bulk_user_import,records.bulk.user.import,records_management.group_records_manager,1,1,1,1
access_records_bulk_user_import_user,records_bulk_user_import,records.bulk.user.import,records_management.group_records_user,1,1,1,0
access_records_category_manager,records_category,records.category,records_management.group_records_manager,1,1,1,1
access_records_category_user,records_category,records.category,records_management.group_records_user,1,1,1,0
access_records_center_location_manager,records_center_location,records.center.location,records_management.group_records_manager,1,1,1,1
access_records_center_location_user,records_center_location,records.center.location,records_management.group_records_user,1,1,1,0
access_records_container_content_line_manager,records_container_content_line,records.container.content.line,records_management.group_records_manager,1,1,1,1
access_records_container_content_line_user,records_container_content_line,records.container.content.line,records_management.group_records_user,1,1,1,0
access_records_container_line_manager,records_container_line,records.container.line,records_management.group_records_manager,1,1,1,1
access_records_container_line_user,records_container_line,records.container.line,records_management.group_records_user,1,1,1,0
access_records_container_log_manager,records_container_log,records.container.log,records_management.group_records_manager,1,1,1,1
access_records_container_log_user,records_container_log,records.container.log,records_management.group_records_user,1,1,1,0
access_records_container_manager,records_container,records.container,records_management.group_records_manager,1,1,1,1
access_records_container_movement_manager,records_container_movement,records.container.movement,records_management.group_records_manager,1,1,1,1
access_records_container_movement_user,records_container_movement,records.container.movement,records_management.group_records_user,1,1,1,0
access_records_container_transfer_line_manager,records_container_transfer_line,records.container.transfer.line,records_management.group_records_manager,1,1,1,1
access_records_container_transfer_line_user,records_container_transfer_line,records.container.transfer.line,records_management.group_records_user,1,1,1,0
access_records_container_transfer_manager,records_container_transfer,records.container.transfer,records_management.group_records_manager,1,1,1,1
access_records_container_transfer_user,records_container_transfer,records.container.transfer,records_management.group_records_user,1,1,1,0
access_records_container_type_converter_manager,records_container_type_converter,records.container.type.converter,records_management.group_records_manager,1,1,1,1
access_records_container_type_converter_user,records_container_type_converter,records.container.type.converter,records_management.group_records_user,1,1,1,0
access_records_container_type_manager,records_container_type,records.container.type,records_management.group_records_manager,1,1,1,1
access_records_container_type_user,records_container_type,records.container.type,records_management.group_records_user,1,1,1,0
access_records_container_user,records_container,records.container,records_management.group_records_user,1,1,1,0
access_records_deletion_request_manager,records_deletion_request,records.deletion.request,records_management.group_records_manager,1,1,1,1
access_records_deletion_request_user,records_deletion_request,records.deletion.request,records_management.group_records_user,1,1,1,0
access_records_department_billing_approval_manager,records_department_billing_approval,records.department.billing.approval,records_management.group_records_manager,1,1,1,1
access_records_department_billing_approval_user,records_department_billing_approval,records.department.billing.approval,records_management.group_records_user,1,1,1,0
access_records_department_billing_contact_manager,records_department_billing_contact,records.department.billing.contact,records_management.group_records_manager,1,1,1,1
access_records_department_billing_contact_user,records_department_billing_contact,records.department.billing.contact,records_management.group_records_user,1,1,1,0
access_records_department_manager,records_department,records.department,records_management.group_records_manager,1,1,1,1
access_records_department_sharing_invite_manager,records_department_sharing_invite,records.department.sharing.invite,records_management.group_records_manager,1,1,1,1
access_records_department_sharing_invite_user,records_department_sharing_invite,records.department.sharing.invite,records_management.group_records_user,1,1,1,0
access_records_department_sharing_log_manager,records_department_sharing_log,records.department.sharing.log,records_management.group_records_manager,1,1,1,1
access_records_department_sharing_log_user,records_department_sharing_log,records.department.sharing.log,records_management.group_records_user,1,1,1,0
access_records_department_sharing_manager,records_department_sharing,records.department.sharing,records_management.group_records_manager,1,1,1,1
access_records_department_sharing_user,records_department_sharing,records.department.sharing,records_management.group_records_user,1,1,1,0
access_records_department_user,records_department,records.department,records_management.group_records_user,1,1,1,0
access_records_description_manager,records_description,records.description,records_management.group_records_manager,1,1,1,1
access_records_description_user,records_description,records.description,records_management.group_records_user,1,1,1,0
access_records_destruction_job_manager,records_destruction_job,records.destruction.job,records_management.group_records_manager,1,1,1,1
access_records_destruction_job_user,records_destruction_job,records.destruction.job,records_management.group_records_user,1,1,1,0
access_records_destruction_line_manager,records_destruction_line,records.destruction.line,records_management.group_records_manager,1,1,1,1
access_records_destruction_line_user,records_destruction_line,records.destruction.line,records_management.group_records_user,1,1,1,0
access_records_destruction_manager,records_destruction,records.destruction,records_management.group_records_manager,1,1,1,1
access_records_destruction_user,records_destruction,records.destruction,records_management.group_records_user,1,1,1,0
access_records_digital_scan_manager,records_digital_scan,records.digital.scan,records_management.group_records_manager,1,1,1,1
access_records_digital_scan_user,records_digital_scan,records.digital.scan,records_management.group_records_user,1,1,1,0
access_records_document_manager,records_document,records.document,records_management.group_records_manager,1,1,1,1
access_records_document_type_manager,records_document_type,records.document.type,records_management.group_records_manager,1,1,1,1
access_records_document_type_user,records_document_type,records.document.type,records_management.group_records_user,1,1,1,0
access_records_document_user,records_document,records.document,records_management.group_records_user,1,1,1,0
access_records_installer_manager,records_installer,records.installer,records_management.group_records_manager,1,1,1,1
access_records_installer_user,records_installer,records.installer,records_management.group_records_user,1,1,1,0
access_records_inventory_dashboard_manager,records_inventory_dashboard,records.inventory.dashboard,records_management.group_records_manager,1,1,1,1
access_records_inventory_dashboard_user,records_inventory_dashboard,records.inventory.dashboard,records_management.group_records_user,1,1,1,0
access_records_location_inspection_line_manager,records_location_inspection_line,records.location.inspection.line,records_management.group_records_manager,1,1,1,1
access_records_location_inspection_line_user,records_location_inspection_line,records.location.inspection.line,records_management.group_records_user,1,1,1,0
access_records_location_inspection_manager,records_location_inspection,records.location.inspection,records_management.group_records_manager,1,1,1,1
access_records_location_inspection_user,records_location_inspection,records.location.inspection,records_management.group_records_user,1,1,1,0
access_records_location_user,records.location.user,records.location,records_management.group_records_user,1,1,1,0
access_records_location_manager,records.location.manager,records.location,records_management.group_records_manager,1,1,1,1
access_records_policy_version_manager,records_policy_version,records.policy.version,records_management.group_records_manager,1,1,1,1
access_records_policy_version_user,records_policy_version,records.policy.version,records_management.group_records_user,1,1,1,0
access_records_promotional_discount_manager,records_promotional_discount,records.promotional.discount,records_management.group_records_manager,1,1,1,1
access_records_promotional_discount_user,records_promotional_discount,records.promotional.discount,records_management.group_records_user,1,1,1,0
access_records_request_line_manager,records_request_line,records.request.line,records_management.group_records_manager,1,1,1,1
access_records_request_line_user,records_request_line,records.request.line,records_management.group_records_user,1,1,1,0
access_records_request_manager,records_request,records.request,records_management.group_records_manager,1,1,1,1
access_records_request_type_manager,records_request_type,records.request.type,records_management.group_records_manager,1,1,1,1
access_records_request_type_user,records_request_type,records.request.type,records_management.group_records_user,1,1,1,0
access_records_request_user,records_request,records.request,records_management.group_records_user,1,1,1,0
access_records_retention_policy_manager,records_retention_policy,records.retention.policy,records_management.group_records_manager,1,1,1,1
access_records_retention_policy_user,records_retention_policy,records.retention.policy,records_management.group_records_user,1,1,1,0
access_records_retention_policy_version_manager,records_retention_policy_version,records.retention.policy.version,records_management.group_records_manager,1,1,1,1
access_records_retention_policy_version_user,records_retention_policy_version,records.retention.policy.version,records_management.group_records_user,1,1,1,0
access_records_retention_rule_manager,records_retention_rule,records.retention.rule,records_management.group_records_manager,1,1,1,1
access_records_retention_rule_user,records_retention_rule,records.retention.rule,records_management.group_records_user,1,1,1,0
access_records_security_audit_manager,records_security_audit,records.security.audit,records_management.group_records_manager,1,1,1,1
access_records_security_audit_user,records_security_audit,records.security.audit,records_management.group_records_user,1,1,1,0
access_records_series_manager,records_series,records.series,records_management.group_records_manager,1,1,1,1
access_records_series_user,records_series,records.series,records_management.group_records_user,1,1,1,0
access_records_service_type_manager,records_service_type,records.service.type,records_management.group_records_manager,1,1,1,1
access_records_service_type_user,records_service_type,records.service.type,records_management.group_records_user,1,1,1,0
access_records_storage_box_manager,records_storage_box,records.storage.box,records_management.group_records_manager,1,1,1,1
access_records_storage_box_user,records_storage_box,records.storage.box,records_management.group_records_user,1,1,1,0
access_records_storage_department_user_manager,records_storage_department_user,records.storage.department.user,records_management.group_records_manager,1,1,1,1
access_records_storage_department_user_user,records_storage_department_user,records.storage.department.user,records_management.group_records_user,1,1,1,0
access_records_survey_user_input_manager,records_survey_user_input,records.survey.user.input,records_management.group_records_manager,1,1,1,1
access_records_survey_user_input_user,records_survey_user_input,records.survey.user.input,records_management.group_records_user,1,1,1,0
access_records_tag_category_manager,records_tag_category,records.tag.category,records_management.group_records_manager,1,1,1,1
access_records_tag_category_user,records_tag_category,records.tag.category,records_management.group_records_user,1,1,1,0
access_records_tag_manager,records_tag,records.tag,records_management.group_records_manager,1,1,1,1
access_records_tag_user,records_tag,records.tag,records_management.group_records_user,1,1,1,0
access_records_usage_tracking_manager,records_usage_tracking,records.usage.tracking,records_management.group_records_manager,1,1,1,1
access_records_usage_tracking_user,records_usage_tracking,records.usage.tracking,records_management.group_records_user,1,1,1,0
access_required_document_manager,required_document,required.document,records_management.group_records_manager,1,1,1,1
access_required_document_user,required_document,required.document,records_management.group_records_user,1,1,1,0
access_res_partner_key_restriction_manager,res_partner_key_restriction,res.partner.key.restriction,records_management.group_records_manager,1,1,1,1
access_res_partner_key_restriction_user,res_partner_key_restriction,res.partner.key.restriction,records_management.group_records_user,1,1,1,0
access_retrieval_item_base_manager,retrieval_item_base,retrieval.item.base,records_management.group_records_manager,1,1,1,1
access_retrieval_item_base_user,retrieval_item_base,retrieval.item.base,records_management.group_records_user,1,1,1,0
access_retrieval_metric_manager,retrieval_metric,retrieval.metric,records_management.group_records_manager,1,1,1,1
access_retrieval_metric_user,retrieval_metric,retrieval.metric,records_management.group_records_user,1,1,1,0
access_revenue_analytic_manager,revenue_analytic,revenue.analytic,records_management.group_records_manager,1,1,1,1
access_revenue_analytic_user,revenue_analytic,revenue.analytic,records_management.group_records_user,1,1,1,0
access_records_retrieval_order_manager,records_retrieval_order,records.retrieval.order,records_management.group_records_manager,1,1,1,1
access_records_retrieval_order_user,records_retrieval_order,records.retrieval.order,records_management.group_records_user,1,1,1,0
access_records_retrieval_order_line_manager,records_retrieval_order_line,records.retrieval.order.line,records_management.group_records_manager,1,1,1,1
access_records_retrieval_order_line_user,records_retrieval_order_line,records.retrieval.order.line,records_management.group_records_user,1,1,1,0
access_records_retrieval_work_order_manager,records_retrieval_work_order,records.retrieval.work.order,records_management.group_records_manager,1,1,1,1
access_records_retrieval_work_order_user,records_retrieval_work_order,records.retrieval.work.order,records_management.group_records_user,1,1,1,0
access_revenue_forecast_line_user,revenue_forecast_line_user,revenue.forecast.line,records_management.group_records_user,1,1,1,0
access_revenue_forecast_manager,revenue_forecast_manager,revenue.forecast,records_management.group_records_manager,1,1,1,1
access_revenue_forecast_user,revenue_forecast_user,revenue.forecast,records_management.group_records_user,1,1,1,0
access_revenue_forecaster_line_manager,revenue_forecaster_line_manager,revenue.forecaster.line,records_management.group_records_manager,1,1,1,1
access_revenue_forecaster_line_user,revenue_forecaster_line_user,revenue.forecaster.line,records_management.group_records_user,1,1,1,0
access_revenue_forecaster_manager,revenue_forecaster_manager,revenue.forecaster,records_management.group_records_manager,1,1,1,1
access_revenue_forecaster_user,revenue_forecaster_user,revenue.forecaster,records_management.group_records_user,1,1,1,0
access_report_records_management_report_customer_inventory_manager,report_records_management_report_customer_inventory,report.records_management.report_customer_inventory,records_management.group_records_manager,1,0,0,0
access_report_records_management_report_customer_inventory_user,report_records_management_report_customer_inventory,report.records_management.report_customer_inventory,records_management.group_records_user,1,0,0,0
access_report_records_management_report_location_utilization_manager,report_records_management_report_location_utilization,report.records_management.report_location_utilization,records_management.group_records_manager,1,0,0,0
access_report_records_management_report_location_utilization_user,report_records_management_report_location_utilization,report.records_management.report_location_utilization,records_management.group_records_user,1,0,0,0
access_report_records_management_revenue_forecasting_report_manager,report_records_management_revenue_forecasting_report,report.records_management.revenue_forecasting_report,records_management.group_records_manager,1,0,0,0
access_report_records_management_revenue_forecasting_report_user,report_records_management_revenue_forecasting_report,report.records_management.revenue_forecasting_report,records_management.group_records_user,1,0,0,0
access_rm_module_configurator_manager,rm_module_configurator,rm.module.configurator,records_management.group_records_manager,1,1,1,1
access_rm_module_configurator_user,rm_module_configurator,rm.module.configurator,records_management.group_records_user,1,1,1,0
access_route_optimizer_manager,route_optimizer,route.optimizer,records_management.group_records_manager,1,1,1,1
access_route_optimizer_user,route_optimizer,route.optimizer,records_management.group_records_user,1,1,1,0
access_scan_digital_asset_manager,scan_digital_asset,scan.digital.asset,records_management.group_records_manager,1,1,1,1
access_scan_digital_asset_user,scan_digital_asset,scan.digital.asset,records_management.group_records_user,1,1,1,0
access_scan_retrieval_item_manager,scan_retrieval_item,scan.retrieval.item,records_management.group_records_manager,1,1,1,1
access_scan_retrieval_item_user,scan_retrieval_item,scan.retrieval.item,records_management.group_records_user,1,1,1,0
access_scan_retrieval_manager,scan_retrieval,scan.retrieval,records_management.group_records_manager,1,1,1,1
access_scan_retrieval_user,scan_retrieval,scan.retrieval,records_management.group_records_user,1,1,1,0
access_service_item_manager,service_item,service.item,records_management.group_records_manager,1,1,1,1
access_service_item_user,service_item,service.item,records_management.group_records_user,1,1,1,0
access_shred_bin_manager,shred_bin,shred.bin,records_management.group_records_manager,1,1,1,1
access_shred_bin_user,shred_bin,shred.bin,records_management.group_records_user,1,1,1,0
access_shred_model_bin_manager,shred_model_bin,shred.model_bin,records_management.group_records_manager,1,1,1,1
access_shred_model_bin_user,shred_model_bin,shred.model_bin,records_management.group_records_user,1,1,1,0
access_shredding_certificate_manager,shredding_certificate,shredding.certificate,records_management.group_records_manager,1,1,1,1
access_shredding_certificate_user,shredding_certificate,shredding.certificate,records_management.group_records_user,1,1,1,0
access_shredding_hard_drive_manager,shredding_hard_drive,shredding.hard_drive,records_management.group_records_manager,1,1,1,1
access_shredding_hard_drive_user,shredding_hard_drive,shredding.hard_drive,records_management.group_records_user,1,1,1,0
access_shredding_inventory_batch_manager,shredding_inventory_batch,shredding.inventory.batch,records_management.group_records_manager,1,1,1,1
access_shredding_inventory_batch_user,shredding_inventory_batch,shredding.inventory.batch,records_management.group_records_user,1,1,1,0
access_shredding_picklist_item_manager,shredding_picklist_item,shredding.picklist.item,records_management.group_records_manager,1,1,1,1
access_shredding_picklist_item_user,shredding_picklist_item,shredding.picklist.item,records_management.group_records_user,1,1,1,0
access_shredding_rate_manager,shredding_rate,shredding.rate,records_management.group_records_manager,1,1,1,1
access_shredding_rate_user,shredding_rate,shredding.rate,records_management.group_records_user,1,1,1,0
access_shredding_service_bin_manager,shredding_service_bin,shredding.service.bin,records_management.group_records_manager,1,1,1,1
access_shredding_service_bin_user,shredding_service_bin,shredding.service.bin,records_management.group_records_user,1,1,1,0
access_shredding_service_event_manager,shredding_service_event,shredding.service.event,records_management.group_records_manager,1,1,1,1
access_shredding_service_event_user,shredding_service_event,shredding.service.event,records_management.group_records_user,1,1,1,0
access_shredding_service_log_manager,shredding_service_log,shredding.service.log,records_management.group_records_manager,1,1,1,1
access_shredding_service_log_user,shredding_service_log,shredding.service.log,records_management.group_records_user,1,1,1,0
access_shredding_service_manager,shredding_service,shredding.service,records_management.group_records_manager,1,1,1,1
access_shredding_service_photo_manager,shredding_service_photo,shredding.service.photo,records_management.group_records_manager,1,1,1,1
access_shredding_service_photo_user,shredding_service_photo,shredding.service.photo,records_management.group_records_user,1,1,1,0
access_shredding_service_user,shredding_service,shredding.service,records_management.group_records_user,1,1,1,0
access_shredding_team_manager,shredding_team,shredding.team,records_management.group_records_manager,1,1,1,1
access_shredding_team_user,shredding_team,shredding.team,records_management.group_records_user,1,1,1,0
access_signed_document_audit_manager,signed_document_audit,signed.document.audit,records_management.group_records_manager,1,1,1,1
access_signed_document_audit_user,signed_document_audit,signed.document.audit,records_management.group_records_user,1,1,1,0
access_signed_document_manager,signed_document,signed.document,records_management.group_records_manager,1,1,1,1
access_signed_document_user,signed_document,signed.document,records_management.group_records_user,1,1,1,0
access_stock_lot_attribute_manager,stock_lot_attribute,stock.lot.attribute,records_management.group_records_manager,1,1,1,1
access_stock_lot_attribute_option_manager,stock_lot_attribute_option,stock.lot.attribute.option,records_management.group_records_manager,1,1,1,1
access_stock_lot_attribute_option_user,stock_lot_attribute_option,stock.lot.attribute.option,records_management.group_records_user,1,1,1,0
access_stock_lot_attribute_user,stock_lot_attribute,stock.lot.attribute,records_management.group_records_user,1,1,1,0
access_stock_lot_attribute_value_manager,stock_lot_attribute_value,stock.lot.attribute.value,records_management.group_records_manager,1,1,1,1
access_stock_lot_attribute_value_user,stock_lot_attribute_value,stock.lot.attribute.value,records_management.group_records_user,1,1,1,0
access_survey_feedback_theme_manager,survey_feedback_theme,survey.feedback.theme,records_management.group_records_manager,1,1,1,1
access_survey_feedback_theme_user,survey_feedback_theme,survey.feedback.theme,records_management.group_records_user,1,1,1,0
access_survey_improvement_action_manager,survey_improvement_action,survey.improvement.action,records_management.group_records_manager,1,1,1,1
access_survey_improvement_action_user,survey_improvement_action,survey.improvement.action,records_management.group_records_user,1,1,1,0
access_system_diagram_data_manager,system_diagram_data,system.diagram.data,records_management.group_records_manager,1,1,1,1
access_system_diagram_data_user,system_diagram_data,system.diagram.data,records_management.group_records_user,1,1,1,0
access_system_flowchart_wizard_manager,system_flowchart_wizard,system.flowchart.wizard,records_management.group_records_manager,1,1,1,1
access_system_flowchart_wizard_user,system_flowchart_wizard,system.flowchart.wizard,records_management.group_records_user,1,1,1,0
access_temp_inventory_audit_manager,temp_inventory_audit,temp.inventory.audit,records_management.group_records_manager,1,1,1,1
access_temp_inventory_audit_user,temp_inventory_audit,temp.inventory.audit,records_management.group_records_user,1,1,1,0
access_temp_inventory_manager,temp_inventory,temp.inventory,records_management.group_records_manager,1,1,1,1
access_temp_inventory_movement_manager,temp_inventory_movement,temp.inventory.movement,records_management.group_records_manager,1,1,1,1
access_temp_inventory_movement_user,temp_inventory_movement,temp.inventory.movement,records_management.group_records_user,1,1,1,0
access_temp_inventory_reject_wizard_manager,temp_inventory_reject_wizard,temp.inventory.reject.wizard,records_management.group_records_manager,1,1,1,1
access_temp_inventory_reject_wizard_user,temp_inventory_reject_wizard,temp.inventory.reject.wizard,records_management.group_records_user,1,1,1,0
access_temp_inventory_user,temp_inventory,temp.inventory,records_management.group_records_user,1,1,1,0
access_transitory_field_config_manager,transitory_field_config,transitory.field.config,records_management.group_records_manager,1,1,1,1
access_transitory_field_config_user,transitory_field_config,transitory.field.config,records_management.group_records_user,1,1,1,0
access_transitory_item_manager,transitory_item,transitory.item,records_management.group_records_manager,1,1,1,1
access_transitory_item_user,transitory_item,transitory.item,records_management.group_records_user,1,1,1,0
access_unlock_service_part_manager,unlock_service_part,unlock.service.part,records_management.group_records_manager,1,1,1,1
access_unlock_service_part_user,unlock_service_part,unlock.service.part,records_management.group_records_user,1,1,1,0
access_visitor_manager,visitor,visitor,records_management.group_records_manager,1,1,1,1
access_visitor_user,visitor,visitor,records_management.group_records_user,1,1,1,0
access_work_order_coordinator_manager,work_order_coordinator,work.order.coordinator,records_management.group_records_manager,1,1,1,1
access_work_order_coordinator_user,work_order_coordinator,work.order.coordinator,records_management.group_records_user,1,1,1,0
access_work_order_retrieval_manager,work_order_retrieval,work.order.retrieval,records_management.group_records_manager,1,1,1,1
access_work_order_retrieval_user,work_order_retrieval,work.order.retrieval,records_management.group_records_user,1,1,1,0
access_work_order_shredding_manager,work_order_shredding,work.order.shredding,records_management.group_records_manager,1,1,1,1
access_work_order_shredding_user,work_order_shredding,work.order.shredding,records_management.group_records_user,1,1,1,0
access_workflow_visualization_manager_manager,workflow_visualization_manager,workflow.visualization.manager,records_management.group_records_manager,1,1,1,1
access_workflow_visualization_manager_user,workflow_visualization_manager,workflow.visualization.manager,records_management.group_records_user,1,1,1,0
access_naid_compliance_policy_user,naid_compliance_policy,naid.compliance.policy,records_management.group_records_user,1,1,1,0
access_naid_compliance_policy_manager,naid_compliance_policy,naid.compliance.policy,records_management.group_records_manager,1,1,1,1
access_stock_move_sms_validation_user,stock_move_sms_validation,stock.move.sms.validation,records_management.group_records_user,1,1,1,0
access_stock_move_sms_validation_manager,stock_move_sms_validation,stock.move.sms.validation,records_management.group_records_manager,1,1,1,1
access_slide_channel_manager,slide_channel,slide.channel,records_management.group_records_manager,1,1,1,1
access_slide_channel_user,slide_channel,slide.channel,records_management.group_records_user,1,1,1,0
access_barcode_seasonal_pricing_user,barcode_seasonal_pricing,barcode.seasonal.pricing,records_management.group_records_user,1,1,1,0
access_barcode_seasonal_pricing_manager,barcode_seasonal_pricing,barcode.seasonal.pricing,records_management.group_records_manager,1,1,1,1
